{"features":["sin_oct","cos_oct","sin_wind","cos_wind","wind_calm","wind_kt","head_kt","cross_kt","gust_kt","sin_brg","cos_brg","sin_hour","cos_hour","visib","ceiling","no_ceiling","is_mvfr","is_ifr","is_lifr","temp","arr_rate","inbound","sector","bias"],"trainedRows":13900,"cleanRows":8236,"airports":{"EGLL":{"classes":["09L","09R","27L","27R"],"W":[[-0.82812,-0.58085,0.5344,0.87457],[-0.10497,0.01064,0.10051,-0.00618],[1.64334,0.70126,-1.97095,-0.37366],[1.13388,0.79578,-0.72797,-1.2017],[-1.16191,-0.19959,0.9093,0.4522],[0.88669,-0.08082,-0.84725,0.04138],[-0.89121,-0.19436,0.40549,0.68008],[0.41325,0.09666,-0.70739,0.19748],[0.19236,0.09463,-0.15374,-0.13325],[-0.84803,-0.57593,0.60046,0.8235],[0.47713,-0.13239,-0.37909,0.03434],[-0.97713,-0.39496,1.23394,0.13815],[0.13865,0.80133,-0.71633,-0.22364],[0.29272,0.01667,-0.20935,-0.10004],[0.10556,-0.01894,-0.056,-0.03063],[-0.0278,0.13509,-0.08495,-0.02233],[0.12511,-0.0502,-0.04815,-0.02676],[0.0,0.0,0.0,0.0],[0.0,0.0,0.0,0.0],[-0.12381,-0.24403,0.22563,0.14221],[0.7632,-0.21257,-0.10486,-0.44578],[0.10622,-0.26147,0.35717,-0.20192],[0.66325,-0.33928,-0.42873,0.10477],[0.48787,0.02778,-0.34892,-0.16673]],"engineAccT":91.5,"modelAccT":14.2,"modelAccRand":85.5,"adopt":false,"n":2647,"eta":{"W":[-397.4782,1031.0985,-101.8197,19.864,-48.9216,-2.0757,-32.5781,0.0,-40.0673,-46.8387,-478.4452],"baseMae":183,"corrMae":102,"baseOkPct":65.3,"corrOkPct":81.0,"adopt":true}},"KJFK":{"classes":["04L","04R","13L","13R","22L","22R","31L","31R"],"W":[[-0.48775,-0.80841,-1.25126,-0.73475,1.17456,0.30376,0.37007,1.43378],[0.09306,-0.67014,-0.32833,0.52397,1.2302,0.68217,-0.6124,-0.91853],[0.0917,0.76217,0.56261,0.10868,0.05809,-0.80176,-0.67101,-0.11048],[0.22914,1.10205,-1.17495,0.14001,-1.52564,0.01002,0.36625,0.85312],[-0.01172,-0.01895,-0.10474,0.05506,-0.34308,-0.0973,0.3953,0.12543],[-0.06297,-0.00433,-0.24395,-0.15414,0.91217,0.12253,-0.2192,-0.35011],[0.02606,0.30088,0.14681,-0.11294,-0.85553,-0.18873,0.03615,0.64731],[-0.02728,-0.20702,-0.21807,-0.03557,0.75149,0.19631,-0.1517,-0.30815],[-0.04556,-0.16606,-0.15401,-0.05084,-0.63068,-0.15479,0.54817,0.65377],[-0.42111,-0.96688,-1.35878,-0.78382,0.98932,0.23322,0.34309,1.96497],[0.02032,-0.75966,-0.39681,0.50844,0.76891,0.78229,-0.76519,-0.15829],[-0.04805,1.14734,-0.60955,0.09525,0.01472,-0.5817,-0.43153,0.41352],[0.27472,0.53041,0.2206,-0.44673,0.07752,-0.0493,-0.52029,-0.08695],[-0.19492,0.42109,0.07084,-0.09332,1.40853,0.11941,-0.65987,-1.07176],[0.06632,0.82966,-0.60334,-0.18116,0.31149,-0.15489,-0.07841,-0.18966],[-0.24409,-0.41324,0.79414,0.13125,0.34505,0.29813,-0.31127,-0.59998],[-0.06415,-0.14506,-0.16256,-0.0656,1.35202,-0.14872,-0.29487,-0.47106],[-0.05952,-0.09527,-0.18695,-0.06436,1.22062,-0.19946,0.06007,-0.67513],[-0.0043,-0.00382,-0.01047,-0.00517,0.44067,-0.01964,-0.11273,-0.28455],[-0.24238,-0.22211,-0.33229,-0.1564,0.67213,-0.03432,0.08501,0.23035],[-0.13608,-0.33608,0.62049,-0.00116,-0.32107,0.17124,-0.09384,0.0965],[-0.22826,-0.57171,0.36875,0.13384,-0.72417,0.02015,0.52825,0.47315],[-0.34536,-0.84982,0.26017,0.17659,-0.35542,0.03506,0.34538,0.73341],[-0.31515,0.05047,-0.29775,-0.19318,1.19231,-0.2815,-0.14118,-0.01402]],"engineAccT":57.3,"modelAccT":86.2,"modelAccRand":90.4,"adopt":true,"n":2260,"eta":{"W":[46.9494,522.1396,-8.8145,1.1695,-16.2914,-25.4093,-26.0858,30.2196,-32.7565,-14.4562,-397.6095],"baseMae":138,"corrMae":81,"baseOkPct":62.7,"corrOkPct":88.7,"adopt":true}},"KLAX":{"classes":["06R","24L","24R","25L","25R"],"W":[[-1.39228,0.4377,0.4576,0.15974,0.33724],[-0.29562,0.26438,0.49863,-0.30683,-0.16055],[-0.16313,0.69298,-0.62841,-0.6238,0.72236],[0.22811,-0.56543,0.56244,0.48682,-0.71194],[-0.00596,-0.98216,0.99649,1.0583,-1.06667],[-0.14004,-0.8028,0.89501,0.779,-0.73116],[-0.2231,-0.5491,0.6381,0.64608,-0.51198],[-0.02907,-0.40503,0.45846,0.41492,-0.43927],[-0.01493,-0.69051,0.8305,0.6957,-0.82076],[-1.4047,0.10319,0.41946,0.37171,0.51035],[-0.44131,2.53862,2.90118,-2.76502,-2.23348],[0.41183,-0.46107,0.36047,0.28645,-0.5977],[0.58257,-0.45449,0.07726,0.15776,-0.3631],[-0.0219,0.22633,-0.488,-0.22494,0.5085],[0.10642,-0.16012,0.01651,0.19068,-0.15349],[-0.56294,0.63517,-0.36638,-0.34694,0.64109],[0.33577,-0.21875,-0.1241,-0.09556,0.10264],[0.10607,-0.78646,0.66636,0.72275,-0.70872],[0.0,0.0,0.0,0.0,0.0],[-0.05294,-0.00632,-0.20694,-0.07882,0.34502],[-0.57497,0.3409,0.00027,-0.05493,0.28874],[-0.41843,0.17622,-0.14168,0.24849,0.1354],[-0.46841,0.10359,0.08447,0.60683,-0.32648],[-0.00377,-0.28124,-0.05551,0.28967,0.05085]],"engineAccT":86.9,"modelAccT":4.8,"modelAccRand":61.1,"adopt":false,"n":3329,"eta":{"W":[-414.4789,241.7068,1.7752,1.0349,1.3982,-5.6232,-1.6811,12.5277,-5.25,-3.0396,164.1434],"baseMae":81,"corrMae":51,"baseOkPct":93.1,"corrOkPct":97.7,"adopt":true}}},"pooled":{"engine":80.3,"model":30.1,"testRows":2060},"etaFeatures":["dist","gs","head","arr_rate","inbound","sector","heavy","ifr","sin_hour","cos_hour","bias"]}