{"features":["sin_oct","cos_oct","sin_wind","cos_wind","sin_brg","cos_brg","sin_hour","cos_hour","wind_kt","head_kt","cross_kt","gust_kt","arr_rate","bias"],"airports":{"EGLL":{"classes":["09L","09R","27L","27R"],"W":[[-0.89145,-0.63679,0.56875,0.95949],[-0.14428,-0.00597,0.10987,0.04037],[1.631,0.76608,-1.95211,-0.44497],[0.48142,0.47465,-0.20068,-0.75538],[-0.90766,-0.63219,0.62617,0.91368],[0.48449,-0.13739,-0.36323,0.01613],[-0.6218,-0.06698,0.87243,-0.18365],[-0.10406,0.97054,-0.67885,-0.18764],[1.41244,-0.10121,-1.03859,-0.27264],[-0.77593,-0.15707,0.42371,0.50929],[1.35062,0.10744,-1.10508,-0.35298],[0.36228,0.08191,-0.23359,-0.2106],[0.41592,-0.29591,0.03892,-0.15893],[0.84313,-0.09597,-0.54232,-0.20484]],"engineAccT":91.5,"modelAccT":12.5,"modelAccRand":82.3,"adopt":false},"KJFK":{"classes":["04L","04R","13L","13R","22L","22R","31L","31R"],"W":[[-0.51367,-0.96988,-1.22461,-0.74343,1.44252,0.25922,0.39457,1.35528],[0.16369,-0.66844,-0.32639,0.51998,1.23689,0.62983,-0.59804,-0.95752],[0.10115,0.65248,0.93903,0.10448,-0.01998,-0.7654,-0.73901,-0.27274],[0.16996,1.192,-0.95768,0.16261,-1.58723,-0.04363,0.39138,0.67257],[-0.45781,-1.16059,-1.36753,-0.78986,1.20851,0.1938,0.41725,1.95622],[0.09458,-0.78338,-0.40694,0.50789,0.68419,0.71372,-0.68857,-0.1215],[-0.01268,1.28441,-0.74741,0.09832,0.34759,-0.51904,-0.67232,0.22112],[0.31064,0.96024,-0.3132,-0.39729,0.55522,0.01484,-0.72813,-0.40231],[-0.1537,0.09275,-0.38044,-0.19994,1.18371,0.0625,-0.2808,-0.32408],[-0.0284,0.39323,0.14633,-0.13504,-0.81113,-0.1931,-0.01017,0.63828],[-0.07728,-0.14014,-0.37621,-0.0594,0.83347,0.16198,-0.1845,-0.15792],[-0.05993,-0.17088,-0.1872,-0.06317,-0.60373,-0.17628,0.53771,0.72349],[-0.37061,-0.53176,0.72484,0.02009,-0.16825,0.22507,0.00805,0.09256],[-0.49876,-0.0,-0.44088,-0.29105,2.06746,-0.35411,-0.22813,-0.25452]],"engineAccT":61.0,"modelAccT":66.3,"modelAccRand":87.8,"adopt":true},"KLAX":{"classes":["06R","24L","24R","25L","25R"],"W":[[-1.41673,0.40109,0.31272,0.20036,0.50257],[-0.30771,0.34562,0.4637,-0.31602,-0.18559],[-0.21408,0.69615,-0.58823,-0.63637,0.74252],[0.23777,-0.55899,0.55012,0.50637,-0.73528],[-1.42811,0.15319,0.22927,0.38099,0.66465],[-0.45651,2.51689,2.50182,-2.477,-2.0852],[0.36728,-0.50859,0.41364,0.30754,-0.57987],[0.59959,-0.36411,0.04886,-0.17178,-0.11255],[-0.14864,-0.65741,0.65844,0.69077,-0.54317],[-0.23912,-0.29342,0.32828,0.43755,-0.23329],[-0.03242,-0.36485,0.3776,0.44375,-0.42408],[-0.01883,-0.49651,0.58362,0.64098,-0.70926],[-0.83974,0.35738,0.07251,0.09042,0.31943],[-0.04706,0.07182,-0.51158,0.19823,0.28859]],"engineAccT":86.5,"modelAccT":16.6,"modelAccRand":54.2,"adopt":false}},"trainedRows":13641,"pooled":{"engine":81.2,"model":28.7,"testRows":2025}}